article_url,title,author,publication_date,article_text,publisher_id,category_id
https://v.daum.net/v/20240903102033236,"""해외 기업 공세 맞선다""…뤼튼-사이오닉AI. 토종 기술로 글로벌 진출",조재현 기자,2024. 9. 3. 10:20,"뤼튼테크놀로지스가 국내 인공지능(AI) B2B(기업 간 거래) 플랫폼 기업 사이오닉AI와 협력해 중동·동남아 시장에 본격 진출한다. 국내 대기업과 손잡은 해외 AI 서비스의 국내 진출 바람이 거센 상황에서 토종 스타트업이 만든 AI 검색 기술이 글로벌 시장으로 뻗어나가는 것이라 행보가 주목된다. 뤼튼 측은 ""해외 AI 서비스의 국내 진출에 맞서 글로벌 시장에 한국 스타트업의 기술력을 선보이겠다""고 강조했다. 이 글자크기로 변경됩니다. (예시) 가장 빠른 뉴스가 있고 다양한 정보, 쌍방향 소통이 숨쉬는 다음뉴스를 만나보세요. 다음뉴스는 국내외 주요이슈와 실시간 속보, 문화생활 및 다양한 분야의 뉴스를 입체적으로 전달하고 있습니다. (서울=뉴스1) 조재현 기자 = 뤼튼테크놀로지스가 국내 인공지능(AI) B2B(기업 간 거래) 플랫폼 기업 사이오닉AI와 협력해 중동·동남아 시장에 본격 진출한다.  국내 대기업과 손잡은 해외 AI 서비스의 국내 진출 바람이 거센 상황에서 토종 스타트업이 만든 AI 검색 기술이 글로벌 시장으로 뻗어나가는 것이라 행보가 주목된다. 뤼튼과 사이오닉AI는 세계 무대에서 한국 AI 기술력을 널리 알리겠다는 계획이다. AI 서비스 플랫폼 기업 뤼튼은 사이오닉AI와 이 같은 내용의 업무협약을 2일 체결했다.  양사는 글로벌 시장에서 한국 AI 기업 기술력 기반의 AI 검색과 서비스 보급·확산을 주도할 계획이다. B2C(기업·소비자 간 거래)와 B2B 양 부문의 시너지 창출에도 힘을 모으기로 했다.  구체적으로 뤼튼은 사이오닉AI의 생성 AI 운영 플랫폼 '스톰' 및 인프라 최적화 기술을 활용해 더 빠르고 쾌적한 B2C AI 서비스를 제공한다. 사이오닉AI는 뤼튼의 AI 검색 기술에 기반한 기업용 인프라를 개발·제공해 글로벌 B2B 사업을 전개한다. 뤼튼은 최근 생성 AI에 최적화된 구조로 AI 검색엔진을 새롭게 설계했다. 기존 웹 검색엔진 알고리즘을 활용하면서도 대규모언어모델(LLM)이 이해할 수 있는 데이터 구조를 미리 구축함으로써 더 빠르고 정확한 검색 결과를 제공하는 게 특징이다.  사이오닉AI의 기업 맞춤형 생성 AI 인프라와 설루션이 결합하면 큰 시너지가 예상된다고 뤼튼 측은 설명한다.  업계에선 국내 스타트업의 글로벌 진출에 주목한다. 일부 대기업이 AI 서비스 영역 고도화를 위해 챗GPT, 클로드 등 해외 대화형 AI 모델 결합에 주력하면서 국내 대·중소기업 간 상생 모델 논의 동력이 자칫 약해질 수 있다는 우려도 나온다.  뤼튼 측은 ""해외 AI 서비스의 국내 진출에 맞서 글로벌 시장에 한국 스타트업의 기술력을 선보이겠다""고 강조했다. 뤼튼과 사이오닉AI 모두 글로벌 진출에 적극적인 행보를 보여온 게 이번 협력의 배경이 됐다는 분석이다. 지난달 기준 월간활성이용자수(MAU)가 400만 명에 육박한 뤼튼은 지난해부터 일본 현지에서 B2C AI 서비스를 제공하고 있다. 현지 대기업을 대상으로 비공개 기술검증(PoC)도 진행 중이다. 사이오닉AI 역시 연내 일본 시장 전용 설루션 완성과 엔터프라이즈 공급, 현지 법인 설립 등을 목표로 하고 있다. 이세영 뤼튼 대표는 ""한국과 일본에서 검증된 토종 AI 검색 기술을 국가별 언어와 문화에 최적화해 세계 시장에서 임팩트를 내겠다""며 ""젊고 빠른 한국 스타트업의 경쟁력을 입증하고 국내 AI 산업 발전에도 기여하겠다""고 말했다. 고석현 사이오닉AI 대표는 ""AI B2C, B2B 두 부문에서 양사가 지닌 강점을 극대화할 수 있을 것으로 기대한다""며 ""글로벌 시장에서 경쟁력을 높이고 더 큰 사업적 기회를 창출하겠다""고 했다. cho84@news1.kr",뉴스1,
https://v.daum.net/v/20240903101930170,"루닛, 미국암학회(AACR) 저널 논문 게재…“AI로 담도암 면역항암제 치료 효과 예측”",송혜영,2024. 9. 3. 10:19,"루닛은 AI 바이오마커 '루닛 스코프 IO'를 활용한 담도암 환자 대상 치료반응 예측 연구 결과가 미국암학회(AACR) 발행 학술지 'Clinical Cancer Research(IF 10.4, 이하 CCR)'에 게재됐다고 3일 밝혔다. 최근 연구에 따르면 치료 예후가 좋지 않은 진행성 담도암에 화학항암제 및 면역항암제 병용요법이 치료 효과를 개선할 수 있다고 밝혀졌지만, 그 치료 효과를 예측하는 바이오마커는 부재한 상황이었다. 이 글자크기로 변경됩니다. (예시) 가장 빠른 뉴스가 있고 다양한 정보, 쌍방향 소통이 숨쉬는 다음뉴스를 만나보세요. 다음뉴스는 국내외 주요이슈와 실시간 속보, 문화생활 및 다양한 분야의 뉴스를 입체적으로 전달하고 있습니다. 루닛은 AI 바이오마커 '루닛 스코프 IO'를 활용한 담도암 환자 대상 치료반응 예측 연구 결과가 미국암학회(AACR) 발행 학술지 'Clinical Cancer Research(IF 10.4, 이하 CCR)'에 게재됐다고 3일 밝혔다. 최근 연구에 따르면 치료 예후가 좋지 않은 진행성 담도암에 화학항암제 및 면역항암제 병용요법이 치료 효과를 개선할 수 있다고 밝혀졌지만, 그 치료 효과를 예측하는 바이오마커는 부재한 상황이었다. 이번 연구는 서울아산병원 종양내과 유창훈 교수, 병리과 신진호 교수 및 연세대학교 의과대학 연세암병원 종양내과 이충근 교수 연구팀 주도로 1차 화학항암제 투약 후 2차 이상의 치료로 면역항암제를 투여받은 진행성 또는 전이성 담도암 환자 339명을 대상으로 진행됐다. 연구팀은 루닛 스코프 IO를 활용해 담도암 환자들의 종양침윤림프구(TIL) 분포를 평가, 이를 면역활성, 면역결핍, 면역제외 세 가지 면역표현형(IP)으로 분류했다. 인공지능(AI) 기반 종양미세환경(TME) 분석이 담도암에서 병용요법의 효과를 예측하는 유용한 바이오마커로 활용될 가능성을 검증했다. 분석 결과, 루닛 스코프 IO가 분류한 면역활성 환자군의 치료 결과가 타 그룹 환자군에 비해 유의미하게 개선됐음을 확인했다. 면역활성 환자군은 면역결핍, 면역제외 등 비면역활성 환자군과 비교해 확연히 높은 객관적 반응률(ORR, 27.5% 대 7.7%), 더 긴 전체 생존기간(OS, 12.6개월 대 5.1개월) 및 무진행 생존기간(PFS, 4.5개월 대 1.9개월)을 보였다. 유창훈 서울아산병원 종양내과 교수는 “담도암은 국내 발생 9위의 중요 질환 중 하나로, 최근 면역항암제가 도입됐으나 약제 비용에 비해 효과가 제한적이란 지적이 있어 왔다“며 “루닛 스코프를 통해 고가의 약제 효과를 미리 예측할 수 있다는 점은 의료진과 환자들의 고민을 덜어줄 수 있을 것”이라고 말했다. 서범석 루닛 대표는 “이번 연구는 예후 파악이 까다로운 담도암에 대한 효과적인 바이오마커를 제시했다는 점에서 임상적 의미가 크다”라며 “세계적으로 권위있는 학술지에 이번 연구 결과가 실린 만큼 담도암 외 여러 암종에서도 AI 기반 바이오마커의 유효성을 검증하는 연구를 지속해 나갈 것”이라고 말했다. 송혜영 기자 hybrid@etnews.com",전자신문,
https://v.daum.net/v/20240903101923159,"게임위, '2024년 일·생활균형캠페인' 참여기업 선정",문영수,2024. 9. 3. 10:19,"게임물관리위원회(위원장 서태건)는 고용노동부가 주관하는 '2024년 일·생활균형캠페인' 참여기업으로 선정됐다고 3일 밝혔다. 일·생활 균형 캠페인은 일하는 방식과 문화를 개선해 기업의 생산성과 경쟁력을 높이고 일과 생활의 균형을 찾아가는 캠페인이다. 고용노동부는 오래 일하지 않기, 똑똑하게 일하기, 제대로 쉬기 3대 핵심 분야를 실천하는 기업을 일·생활 균형 캠페인 참여기업으로 지정해 참여확인서를 수여한다. 이 글자크기로 변경됩니다. (예시) 가장 빠른 뉴스가 있고 다양한 정보, 쌍방향 소통이 숨쉬는 다음뉴스를 만나보세요. 다음뉴스는 국내외 주요이슈와 실시간 속보, 문화생활 및 다양한 분야의 뉴스를 입체적으로 전달하고 있습니다. [아이뉴스24 문영수 기자] 게임물관리위원회(위원장 서태건)는 고용노동부가 주관하는 '2024년 일·생활균형캠페인' 참여기업으로 선정됐다고 3일 밝혔다. 일·생활 균형 캠페인은 일하는 방식과 문화를 개선해 기업의 생산성과 경쟁력을 높이고 일과 생활의 균형을 찾아가는 캠페인이다. 고용노동부는 오래 일하지 않기, 똑똑하게 일하기, 제대로 쉬기 3대 핵심 분야를 실천하는 기업을 일·생활 균형 캠페인 참여기업으로 지정해 참여확인서를 수여한다. 참여 승인 유효기간은 2년이다. 게임물관리위원회는 세 가지 항목을 충족하는 모범적인 기관으로 인정받아 참여기업으로 선정됐다. 스마트 협업 툴을 사용한 업무 절차 간소화 및 비대면 근무 환경 구축으로 '똑똑하게 일하기'를 활발히 운영하고 있으며, '가족 사랑의 날' 추진 및 자유로운 연차 사용 등 '오래 일하지 않기', '제대로 쉬기' 등을 적극 실천하며 최적의 업무 환경 조성과 건강한 기업 문화 구축에 나서고 있다. 서태건 게임위원장은 ""일·생활 균형 캠페인 실천을 통해 일·가정 양립 문화를 선도적으로 정착시키겠다""며 ""앞으로도 향후 직원들의 의견을 반영해 일·가정 양립을 위한 신규제도 도입 등 건강한 조직문화를 만들어가기 위해 노력하겠다""고 말했다.",아이뉴스24,
https://v.daum.net/v/20240903101813105,"SK케미칼, 국내 최초 편두통 치료 복합제 `수벡스` 출시",강민성,2024. 9. 3. 10:18,"SK케미칼은 두 가지 성분을 하나에 담은 편두통 치료복합제 '수벡스정'(이하 수벡스)을 출시했다고 3일 밝혔다. 수벡스는 편두통 치료에 일반적으로 사용되는 트립탄 계열의 수마트립탄 성분과 비스테로이드성 소염진통제인 나프록센나트륨 성분의 복합제다. SK케미칼은 편두통 치료제 중 가장 큰 시장인 수마트립탄 시장을 적극적으로 공략할 계획이다. 이 글자크기로 변경됩니다. (예시) 가장 빠른 뉴스가 있고 다양한 정보, 쌍방향 소통이 숨쉬는 다음뉴스를 만나보세요. 다음뉴스는 국내외 주요이슈와 실시간 속보, 문화생활 및 다양한 분야의 뉴스를 입체적으로 전달하고 있습니다. SK케미칼은 두 가지 성분을 하나에 담은 편두통 치료복합제 '수벡스정'(이하 수벡스)을 출시했다고 3일 밝혔다. 수벡스는 편두통 치료에 일반적으로 사용되는 트립탄 계열의 수마트립탄 성분과 비스테로이드성 소염진통제인 나프록센나트륨 성분의 복합제다. 단일 성분 치료제로 처방이 이뤄지던 국내 편두통 치료제 시장에 2가지 성분의 복합제가 출시된 것은 이번이 처음이다. 편두통은 뇌 주변 혈관 및 신경의 기능이상으로 심장이 뛰듯 욱신거리는 박동성 통증이 머리의 한쪽 또는 양쪽에서 발생하는 질환이다. 대표적인 원인은 신경전달물질인 세로토닌, 도파민, 칼시토닌 유전자 관련 펩타이드(CGRP) 등 분비로 인한 뇌혈관 확장과 뇌막 내 염증성 물질 분비 등으로 알려졌다. 수벡스의 수마트립탄 성분은 신경전달물질인 세로토닌을 감소시키는 기전으로 통증을 완화하고, 나프록센나트륨은 신경 염증을 억제하는 기전을 지닌다. 실제 편두통 환자 1461명을 대상으로 진행된 임상연구에 따르면, 수마트립탄 단일제 투약 군에서 2시간 후 두통 완화 환자 비율은 55%였으나 복합제 투약 군에서는 65%였다. 또 투약후 24시간 동안 무통 상태로 유지된 환자의 비율은 단일제 투약 군에서는 35%였으나, 복합제 투여 군에서는 48%에 달했다. SK케미칼은 편두통 치료제 중 가장 큰 시장인 수마트립탄 시장을 적극적으로 공략할 계획이다. 의약품 시장조사기관 아이큐비아에 따르면, 2023년 국내 급성기 편두통 치료제 시장은 약 230억원으로, 이 중 수마트립탄 제제는 전체 편두통 시장의 35%를 차지하고 있다. 회사 측은 수마트립탄 단일제 대비 복합제 치료효과와 편의성을 적극적으로 알려 수마트립탄 단일제를 복합제로 빠르게 대체해 나간다는 방침이다. 김윤호 SK케미칼 파마사업대표는 ""편두통은 질환 자체의 고통과 함께 일상, 사회생활 전반에 걸쳐 영향을 수반하는 환자의 삶의 질과 직결되는 질환""이라며 ""편두통으로 고통받는 환자들에게 다양하고 편리한 치료의 선택권을 제공할 수 있도록 우수한 편두통의약품 개발, 공급에 힘쓸 것""이라고 말했다. 강민성기자 kms@dt.co.kr",디지털타임스,
https://v.daum.net/v/20240903101803100,"카카오게임즈, ‘에버소울’ 오프라인 팝업 카페 ‘커피스토펠레스’ 오픈",김남규,2024. 9. 3. 10:18,"카카오게임즈(대표 한상우)는 나인아크(대표 이건)가 개발한 모바일 수집형 RPG '에버소울' 팬들을 위한 팝업 카페 '커피스토펠레스'를 오픈한다고 3일 밝혔다. 행사는 오는 7일과 8일 양일간 서울 서교동에 위치한 카페 '판타지트'에서 진행된다. 이번 팝업 카페는 외부와 내부 두개 공간이 각기 다른 콘셉트로 꾸려진다. 먼저, 외부 공간은 게임 내 테마 이벤트인 '가온 여름 축제'으로 진행되며 내부 공간은 '메이드 카페'를 콘셉트로 꾸며진다. 이 글자크기로 변경됩니다. (예시) 가장 빠른 뉴스가 있고 다양한 정보, 쌍방향 소통이 숨쉬는 다음뉴스를 만나보세요. 다음뉴스는 국내외 주요이슈와 실시간 속보, 문화생활 및 다양한 분야의 뉴스를 입체적으로 전달하고 있습니다. 카카오게임즈(대표 한상우)는 나인아크(대표 이건)가 개발한 모바일 수집형 RPG ‘에버소울’ 팬들을 위한 팝업 카페 '커피스토펠레스’를 오픈한다고 3일 밝혔다. 행사는 오는 7일과 8일 양일간 서울 서교동에 위치한 카페 ‘판타지트’에서 진행된다. 이용자는 별도의 사전 신청 없이 현장에 방문해 순차적으로 입장할 수 있다. 이번 팝업 카페는 외부와 내부 두개 공간이 각기 다른 콘셉트로 꾸려진다. 먼저, 외부 공간은 게임 내 테마 이벤트인 ‘가온 여름 축제’으로 진행되며 내부 공간은 ‘메이드 카페’를 콘셉트로 꾸며진다. 특히, 내부 공간에서는 ‘소연의 만두? 파운두? 케이크‘, ‘메피의 달콤 딸기 초코케이크‘ 등 게임 내 정령들의 개성을 담은 다채로운 식음료를 판매한다. 식음료 구매 시에는 ‘에버소울’ 정령들이 그려진 특전 ‘띠부씰’을 함께 증정한다. 또 카페 2층에는 미공개된 게임 콘셉트 아트를 감상할 수 있는 전시장과 개발진에게 응원 메시지를 작성할 수 있는 메시지 보드를 설치한다. 카페 외부에서는 오늘의 운세를 점쳐보고, 각종 굿즈를 받을 수 있는 ‘운세 뽑기’ 이벤트와 정령 ‘린지’, ‘클로이’, ‘로제’ 등과 함께 추억을 남길 수 있는 포토존을 운영한다. ‘에버소울’ 오프라인 행사 처음으로 게임 굿즈를 판매하는 공간도 마련한다. 정령의 모습이 담긴 ‘디오라마 아크릴 스탠드’를 비롯해 ‘에덴 갓 탤런트 그래픽 티셔츠’, ‘머그컵’, ‘캐릭터 떡 메모지’ 등 다양한 한정 제작 굿즈가 판매될 예정이다. 사용자 중심의 게임 저널 - 게임동아 (game.donga.com)",게임동아,
https://v.daum.net/v/20240903101803099,"갤럭시S24 FE 출시 임박, 실물 이미지 공개",이정현 미디어연구소,2024. 9. 3. 10:18,"삼성전자의 준프리미엄 스마트폰 '갤럭시S24 FE' 출시가 임박한 것으로 보인다. IT매체 톰스가이드는 최근 미국 연방통신위원회(FCC) 인증 자료에서 삼성 갤럭시S24 FE 관련 문서가 발견됐다고 2일(현지시간) 보도했다. 미국에서 스마트폰을 판매하려면 FCC의 승인이 필요하기 때문에 갤럭시S24 FE 출시까지 얼마 남지 않은 것으로 보인다고 외신들은 전했다. 이 글자크기로 변경됩니다. (예시) 가장 빠른 뉴스가 있고 다양한 정보, 쌍방향 소통이 숨쉬는 다음뉴스를 만나보세요. 다음뉴스는 국내외 주요이슈와 실시간 속보, 문화생활 및 다양한 분야의 뉴스를 입체적으로 전달하고 있습니다. (지디넷코리아=이정현 미디어연구소)삼성전자의 준프리미엄 스마트폰 ‘갤럭시S24 FE’ 출시가 임박한 것으로 보인다. IT매체 톰스가이드는 최근 미국 연방통신위원회(FCC) 인증 자료에서 삼성 갤럭시S24 FE 관련 문서가 발견됐다고 2일(현지시간) 보도했다. 지난 달 말 인도 IT매체 마이스마트프라이스는 모델번호 SM-S72U의 갤럭시S24 FE가 FCC의 테스트를 받는 모습을 담은 이미지를 공개했다.  공개된 사진에서 스마트폰이 단단하게 고정돼 있는 모습을 볼 수 있는데, 이는 방사선 수준이나 주파수를 측정하고 있을 가능성이 높다고 외신들은 전했다. 그 외에도 문서에서 갤럭시S24 FE가 최대 9W 역방향 무선충전을 지원할 것이라는 사실이 밝혀졌다. 이는 기존 삼성전자가 제공하던 4.5W 역방향 무선충전 속도보다 2배 가량 개선된 것이다.  또, 기기 크기는 77.3x162mm로 알려졌는데 이는 작년에 출시된 갤럭시S23 FE(76.5x158mm)보다 가로 폭과 길이도 약간 더 커진 것으로 보인다. 미국에서 스마트폰을 판매하려면 FCC의 승인이 필요하기 때문에 갤럭시S24 FE 출시까지 얼마 남지 않은 것으로 보인다고 외신들은 전했다. 그 동안 나온 정보에 따르면, 갤럭시S24 FE는 올 가을에 출시될 전망이며, 인도 규제 기관은 오는 10월에 출시될 수 있다고 전망한 바 있다.  갤럭시 S24 FE에는 대부분 국가에서 엑시노스 2400칩셋을 탑재하고 미국 등 일부 국가에서는 스냅드래곤 8 3세대 칩 기반 칩이 탑재될 것으로 보이며램 용량은 8GB, 후면 카메라는 아이소셀 HP3 50MP 센서를 탑재할 것으로 예상되고 있다. 이정현 미디어연구소(jh7253@zdnet.co.kr)",지디넷코리아,
https://v.daum.net/v/20240903101751086,"이지케어텍, 중앙보훈병원 차세대 HIS 구축 사업 계약",정용철,2024. 9. 3. 10:17,"이지케어텍은 지난달 30일 한국보훈복지의료공단 중앙보훈병원과 차세대 보훈병원 병원정보시스템(HIS) 구축 사업 계약을 체결했다고 3일 밝혔다. 위원량 이지케어텍 대표는 ""차세대 보훈병원 HIS 사업 수주는 오랫동안 의료와 IT에 관한 전문성과 HIS 구축 역량을 입증해 온 결과""라며 ""풍부한 대형병원 프로젝트 경험을 바탕으로 진료, 연구, 환자 편의를 위한 최적의 HIS를 구축하고 의료진과 보훈 환자들의 만족도를 높이겠다""고 말했다. 이 글자크기로 변경됩니다. (예시) 가장 빠른 뉴스가 있고 다양한 정보, 쌍방향 소통이 숨쉬는 다음뉴스를 만나보세요. 다음뉴스는 국내외 주요이슈와 실시간 속보, 문화생활 및 다양한 분야의 뉴스를 입체적으로 전달하고 있습니다. 이지케어텍은 지난달 30일 한국보훈복지의료공단 중앙보훈병원과 차세대 보훈병원 병원정보시스템(HIS) 구축 사업 계약을 체결했다고 3일 밝혔다. 이번 사업은 6개 보훈병원(중앙·부산·광주·대구·대전·인천)과 3개 요양병원(중앙·부산·광주)에 차세대 HIS를 구축하는 사업이다. 2027년 1분기 시스템 가동이 목표다. 이지케어텍은 경쟁입찰 과정에서 대형 종합병원 및 멀티병원(단일기관 소속 복수병원) HIS 실적에서 좋은 점수를 받아 사업자로 선정됐다. 이지케어텍은 보훈병원에 최적화된 HIS를 구축함과 동시에 표준화된 데이터 기반을 마련한다는 계획이다. 또 통합 환자관리 및 진료정보 교류 환경을 구현해 9개 병원에서 환자 중심의 업무 프로세스를 구축한다. 이를 위해 △필요한 기능을 모두 갖춘 통합 HIS 구축 △단일 소스 및 DB 기반의 HIS 표준화 △보훈병원 특화 기능(고엽제검진·보장구센터·국비정산 등) 구현 등을 추진한다. 위원량 이지케어텍 대표는 “차세대 보훈병원 HIS 사업 수주는 오랫동안 의료와 IT에 관한 전문성과 HIS 구축 역량을 입증해 온 결과”라며 “풍부한 대형병원 프로젝트 경험을 바탕으로 진료, 연구, 환자 편의를 위한 최적의 HIS를 구축하고 의료진과 보훈 환자들의 만족도를 높이겠다”고 말했다. 정용철 기자 jungyc@etnews.com",전자신문,
https://v.daum.net/v/20240903101634017,"[동정] 과기1차관, 대학들과 이공계 대학원생 연구생활장려금 간담회",조승한,2024. 9. 3. 10:16,"이 글자크기로 변경됩니다. (예시) 가장 빠른 뉴스가 있고 다양한 정보, 쌍방향 소통이 숨쉬는 다음뉴스를 만나보세요. 다음뉴스는 국내외 주요이슈와 실시간 속보, 문화생활 및 다양한 분야의 뉴스를 입체적으로 전달하고 있습니다. ▲ 이창윤 과학기술정보통신부 1차관은 3일 서울 동작구 중앙대에서 '이공계 대학원 연구생활장려금' 현장 안착 방안 논의를 위한 간담회를 열었다. 간담회에는 전국 8개 대학 연구부총장과 교학부총장 등 10여 명이 참석했다. 이 차관은 ""이공계 대학원 연구생활장려금은 모든 연구자가 직면할 수 있는 일시적인 학생 인건비 부족 상황에 체계적으로 대응하기 위한 안전망""이라며 12월까지 현장 의견수렴을 거쳐 사업 시행계획을 마련하겠다고 밝혔다. (서울=연합뉴스) ▶제보는 카톡 okjebo",연합뉴스,
https://v.daum.net/v/20240903101630013,"넥슨 ‘블루 아카이브’, 맘스터치와 2차 제휴 프로모션 실시",강한결 기자,2024. 9. 3. 10:16,"넥슨(공동 대표 강대현∙김정욱)은 서브컬처 게임 '블루 아카이브'가 토종 버거·치킨 브랜드 맘스터치와 2차 제휴 프로모션을 실시한다고 3일 밝혔다. 이번 제휴는 '흥신소 68' 학생들이 맘스터치에서 아르바이트를 하는 콘셉트로 진행된다. 한편, '블루 아카이브'는 지난 2023년 11월에 맘스터치와 첫 번째 제휴 프로모션을 진행한 바 있다. 이 글자크기로 변경됩니다. (예시) 가장 빠른 뉴스가 있고 다양한 정보, 쌍방향 소통이 숨쉬는 다음뉴스를 만나보세요. 다음뉴스는 국내외 주요이슈와 실시간 속보, 문화생활 및 다양한 분야의 뉴스를 입체적으로 전달하고 있습니다. (지디넷코리아=강한결 기자)넥슨(공동 대표 강대현∙김정욱)은 서브컬처 게임 ‘블루 아카이브’가 토종 버거·치킨 브랜드 맘스터치와 2차 제휴 프로모션을 실시한다고 3일 밝혔다. 이번 제휴는 ‘흥신소 68’ 학생들이 맘스터치에서 아르바이트를 하는 콘셉트로 진행된다. 10월 10일까지 전국 맘스터치 및 맘스피자 매장에서 ‘하드 보일드 세트’ 등 4개의 특별 제휴 세트를 만나볼 수 있다. 제휴 세트를 구매하면 ‘흥신소 68’ 학생들이 새겨진 특별 포토카드, 코롯토 외에도 ‘상급 활동 보고서’, ‘맘스터치 호감도 아이템’ 등 게임 내에서 활용할 수 있는 아이템이 담긴 쿠폰을 획득할 수 있다. 또한 제휴 기간 동안 맘스터치 LAB 강남대로점과 부산 해운대점에서 특별 팝업 매장을 운영한다. ‘흥신소 68’ 학생들이 새겨진 등신대, 포토월로 꾸며지며, 네이버 예약을 통해 제휴 세트를 사전에 결제하고 방문하면 특전 엽서 및 코스터를 얻을 수 있다. 제휴를 기념한 다양한 이벤트도 진행된다. 먼저, 맘스터치 모바일 앱 내 이벤트 페이지에서 이벤트에 응모한 뒤 ‘흥신소로부터 치킨을 담아서!’ 세트를 구매할 경우 맘스터치앱 할인 쿠폰을 제공하며, 추첨을 통해 특전 엽서 및 코스터 세트도 선물한다. 또한 ‘블루 아카이브’ 공식 커뮤니티 이벤트 페이지에서 응원의 댓글을 작성하면 매주 추첨을 통해 맘스터치 상품권(싸이버거 단품 교환권)을 지급한다. 이와 함께 ‘블루 아카이브’ 공식 온라인 굿즈샵 ‘샬레 스토어’에서 특별 굿즈를 만나볼 수 있다. 제휴 기간 동안 ‘아루’, ‘무츠키’ 등 ‘흥신소 68’ 학생들이 새겨진 맘스터치 컬래버 아크릴 스탠드와 아크릴 디오라마 패키지를 예약 구매할 수 있다. 한편, ‘블루 아카이브’는 지난 2023년 11월에 맘스터치와 첫 번째 제휴 프로모션을 진행한 바 있다. 당시 선보인 제휴 세트는 출시 당일 목표 판매량을 200% 넘어서고 나흘 동안 판매량 11만 개를 기록하는 등 이용자들로부터 열렬한 호응을 얻었다. ‘블루 아카이브’와 맘스터치 2차 제휴 프로모션에 대한 자세한 내용은 공식 커뮤니티에서 확인할 수 있다. 강한결 기자(sh04khk@zdnet.co.kr)",지디넷코리아,
https://v.daum.net/v/20240903101630012,"LG유플러스, ‘U+tv’에 AI 에이전트 적용… ""AIPTV 서비스 제공""",김민국 기자,2024. 9. 3. 10:16,"이 글자크기로 변경됩니다. (예시) 가장 빠른 뉴스가 있고 다양한 정보, 쌍방향 소통이 숨쉬는 다음뉴스를 만나보세요. 다음뉴스는 국내외 주요이슈와 실시간 속보, 문화생활 및 다양한 분야의 뉴스를 입체적으로 전달하고 있습니다. LG유플러스는 인터넷 TV(IPTV) 서비스 ‘U+tv’에 익시(ixi) 기반의 AI 에이전트를 적용하고, 초개인화된 시청경험을 제공하는 ‘AIPTV(AI + IPTV)’ 서비스를 제공한다고 3일 밝혔다. LG유플러스는 이날 용산사옥에서 기자간담회를 열고, 콘텐츠 탐색부터 시청, 이후의 소통까지 시청경험 여정의 전 과정에 AI 기술을 적용해 차별적 고객가치를 만드는 U+tv의 신규 기능을 소개했다. LG유플러스는 올 초 ‘그로쓰 리딩 AX 컴퍼니(Growth Leading AX Company)’라는 새로운 슬로건을 공개하고, AI 응용 서비스 경쟁력을 확보해 고객이 체감할 수 있는 가치를 만들겠다는 전략을 밝힌 바 있다. 이후 다양한 사업에 특화된 AI 에이전트 서비스를 지속적으로 개발하며 전 사업 영역에서 AI 중심의 혁신을 가속화해 나가고 있다. LG유플러스는 IPTV 특화 AI 에이전트인 ‘미디어 에어전트’를 IPTV에 적용해 초개인화 시청경험을 제공하는 AIPTV 시장을 선도해 나갈 계획이다. 미디어 에이전트는 고객과 능동적으로 소통하는 ‘챗 에이전트(Chat Agent)’, 고객이 일상에서 AI를 자연스럽게 경험할 수 있는 환경을 조성하는 ‘마케팅 에이전트(Marketing Agent)’, 임직원의 업무 효율성을 높이는 ‘워크 에이전트(Work Agent)’에 이어 LG유플러스가 4번째로 선보이는 AI 에이전트다. 미디어 에이전트는 고객의 모든 TV 시청 여정에 적용되는 ‘지능형 시청 도우미’로, 초개인화 맞춤형 콘텐츠를 추천하는 ‘AI큐레이션’, 한 순간도 놓치지 않고 자막을 볼 수 있도록 글자 겹침이 있으면 자동으로 위치를 이동하는 ‘AI자막’, AI를 기반으로 24시간 고객 불편사항을 해결해주는 ‘익시 음성챗봇’ 등 3가지 신규 AI 기능을 제공한다. 먼저 AI큐레이션은 고객별 취향에 맞는 콘텐츠와 고객별 시청패턴에 적합한 합리적인 월정액 상품을 맞춤형으로 제안해주는 기능이다. 시청 이력을 기반으로 ‘추천’ 섹션에서만 콘텐츠를 제안했던 기존 개인화 기능과 달리, AI큐레이션은 고객이 콘텐츠를 검색만 해도 즉시 유사 콘텐츠를 제안하는 등 고객 행동에 실시간으로 반응하는 것이 특징이다. 이를 바탕으로 U+tv 전체 화면에 취향별 콘텐츠를 보여주는 상하(上下) 순서와 순위를 나타내는 좌우(左右) 순서를 실시간으로 재배치, 고객의 콘텐츠 탐색시간을 크게 줄일 것으로 기대하고 있다. AI큐레이션의 장점은 콘텐츠 추천 이유를 생성형 AI 기반 고객별 개인화된 문구로 함께 설명해주는 것이다. 추천 기능은 좋지만 추천된 이유를 몰라 썸네일만 보고 지나치거나 모바일로 기본 정보를 다시 검색해야 해서 번거롭다는 고객 목소리를 반영했다. U+tv 고객은 ‘좋아하는 감독님이 연출한 영화’, ‘취향이 비슷한 고객이 선택한’, ‘시청한 콘텐츠와 비슷한 장르’ 등 콘텐츠 하단의 문구를 통해 추천 이유를 확인할 수 있다. 국내 방송도 한글 자막을 켜고 시청하는 고객이 증가함에 따라 ‘AI자막’ 기능도 탑재했다. AI가 콘텐츠의 음성 정보를 추출하고 방송사에서 제공하는 폐쇄형 자막과 비교해 10분여 만에 자막을 자동 생성하기 때문에, 드라마나 다큐 등 방금 끝난 방송의 VOD도 자막과 함께 시청이 가능하다. 화면에 나오는 글자와 자막이 겹치는 경우에는 AI가 자동으로 자막의 위치를 변경해 가독성을 높인 것도 특징이다. 이를 위해 국내 IPTV 최초로 온디바이스 AI 기술을 적용했다. 또한 국내 IPTV 최초로 24시간 질문에 답변하는 ‘익시 음성챗봇’도 선보였다. 고객이 불편사항이나 궁금한 사항을 리모컨을 통해 음성으로 문의하면 AI가 바로 해결, 고객센터로 전화 연결했을 때보다 신속하고 편리하게 해결이 가능하다. 이미 LG유플러스는 2018년부터 꾸준히 AI를 적용하며 고객의 IPTV 이용경험을 강화해 오고 있다. 먼저 지난 2018년 네이버 클로바 서비스를 도입해 자체 VOD 콘텐츠를 대상으로 음성검색을 지원하였으며, 2024년 익시 기반의 음성검색 서비스를 적용하면서 검색 범위를 OTT 콘텐츠로 확대했다. 현재 음성을 통한 콘텐츠 탐색이나 TV 제어를 이용하는 고객은 전체 U+tv 고객의 50%에 달하며, IPTV에서 탐색하고 OTT로 시청하는 고객도 점차 확대되고 있다. 2022년 첫 선을 보인 U+tv 개인화 서비스는 추천 영역을 기존 ‘VOD’ 중심에서 ‘실시간 채널’과 ‘VOD 카테고리’로 지속 확대, 고객의 시청 전환율을 적용 전 대비 37% 높였다. 시청 전환율은 고객이 검색하거나 추천받은 콘텐츠가 실제 시청으로 이어지는 비율이다. 시청 전환율 증가는 콘텐츠 추천 정확도가 높아짐에 따라 고객의 탐색 편의성이 강화됐다는 의미다. 숏폼에 익숙한 미디어 소비 행태를 반영해 국내 최초로 고객이 원하는 에피소드 구간만 골라 시청할 수 있도록 선보인 ‘원하는 구간 찾기’, 영화∙드라마∙예능 VOD 콘텐츠의 배경음악을 검색해주는 ‘배경음악 찾기’, 출연진 얼굴을 인식해 출연진 정보를 제공하는 ‘저 사람 누구지’ 3가지 기능은 최근 1년간 누적 이용건수 1430만건을 기록하며 높은 호응을 받고 있다. 박찬승 홈니버스(Homeniverse)그룹장(상무)은 “올해부터 본격적으로 IPTV에 AI를 적용, 단순히 고객 불편을 줄이는데 그치지 않고 도움을 필요로 하는 모든 순간을 능동적으로 해결해줌으로써 미디어 이용의 차별화된 변화를 주도하겠다”며 “나보다 나를 잘 아는 딱 맞는 연결 경험을 제공하는 초개인화 AIPTV 시장을 지속 선도해 나갈 것”이라고 밝혔다. - Copyright ⓒ 조선비즈 & Chosun.com -",조선비즈,
https://v.daum.net/v/20240903101503968,"한빛소프트, 투자경고종목 이후 사흘째 약세",임영택 게임진 기자(ytlim@mkinternet.com),2024. 9. 3. 10:15,"한빛소프트가 투자경고종목 지정 이후 사흘째 약세를 보이고 있다. 한빛소프트는 3일 오전 10시 11분 현재 전거래일 대비 9.33% 하락한 2090원에 거래되고 있다. 지난달 30일부터 3거래일 연속 약세다. 지난달 9일부터 29일까지 14거래일 동안 오름세를 보였다. 이 글자크기로 변경됩니다. (예시) 가장 빠른 뉴스가 있고 다양한 정보, 쌍방향 소통이 숨쉬는 다음뉴스를 만나보세요. 다음뉴스는 국내외 주요이슈와 실시간 속보, 문화생활 및 다양한 분야의 뉴스를 입체적으로 전달하고 있습니다. 한빛소프트는 3일 오전 10시 11분 현재 전거래일 대비 9.33% 하락한 2090원에 거래되고 있다. 지난달 30일부터 3거래일 연속 약세다. 한빛소프트는 최근 딥페이크 범죄 관련 테마주로 분류되며 주가가 급등했다. 지난달 9일부터 29일까지 14거래일 동안 오름세를 보였다. 특히 지난달 27일 상한가를 기록하며 단기간 주가 급등했다. 이에 지난달 30일에 투자경고종목으로 지정됐다. 한빛소프트는 ‘그라나도 에스파다’, ‘오디션’, ‘에이카’ 등의 PC온라인게임을 서비스하는 게임업체다. 올해 3월 정기 주주총회를 통해 인공지능(AI) 관련 사업 추진을 구체화했다. 현재 AI 음성합성 서비스 ‘보이스젠’의 무료 베타 버전을 제공하고 있다.",매경게임진,
https://v.daum.net/v/20240903101430932,"""실시간 재고 확인 빠르게""…영림원, 농협식품 ERP 구축",양정민 기자,2024. 9. 3. 10:14,"영림원소프트랩이 농협식품에 전사적 자원 관리(ERP) 시스템을 공급해 농협식품의 실시간 물류 재고 관리와 업무 프로세스 표준화를 돕는다. 영림원소프트랩은 농협식품과 ERP 구축 계약을 체결하고 'K-시스템 에이스' 공급에 돌입한다고 3일 밝혔다. 이에 농협식품은 영림원소프트랩의 'K-시스템 에이스'를 도입해 관리 업무와 물류 업무를 유기적으로 지원하는 통합정보시스템을 구현할 방침이다. 이 글자크기로 변경됩니다. (예시) 가장 빠른 뉴스가 있고 다양한 정보, 쌍방향 소통이 숨쉬는 다음뉴스를 만나보세요. 다음뉴스는 국내외 주요이슈와 실시간 속보, 문화생활 및 다양한 분야의 뉴스를 입체적으로 전달하고 있습니다. (지디넷코리아=양정민 기자)영림원소프트랩이 농협식품에 전사적 자원 관리(ERP) 시스템을 공급해 농협식품의 실시간 물류 재고 관리와 업무 프로세스 표준화를 돕는다. 영림원소프트랩은 농협식품과 ERP 구축 계약을 체결하고 'K-시스템 에이스' 공급에 돌입한다고 3일 밝혔다. 이번 프로젝트의 중점 추진 과제는 ▲전사 업무 프로세스 표준화 ▲실시간 물류 재고 정보 관리 및 활용 ▲타 시스템 연계를 통한 업무 생산성 향상 ▲신뢰성 있는 경영분석 정보 제공이다. 영림원소프트랩은 실시간 재고 확인을 통해 손실 최소화를 목표로 한다. 농협식품과의 물류시스템 연동을 통해 그룹웨어, EDI(전자문서교환), WMS(물류관리시스템), FBS(펌뱅킹시스템)와 같은 다양한 시스템과 연계해 업무시간을 대폭 단축하고 데이터 정합성도 확보할 예정이다. 농협식품은 지난해 창립 6년 6개월 만에 연 매출 1천억원을 돌파했다. 이에 농협식품은 영림원소프트랩의 'K-시스템 에이스'를 도입해 관리 업무와 물류 업무를 유기적으로 지원하는 통합정보시스템을 구현할 방침이다. 박윤경 영림원소프트랩 부사장은 ""농협케미컬, 농협무역에 이어 농협식품까지 범농협 자회사에 ERP를 확산시켜 의미가 깊다""며 ""농협식품의 경쟁력을 한층 강화할 수 있도록 IT 인프라를 강화하고, 나아가 신뢰성 있는 경영분석 정보를 제공할 수 있도록 최선을 다하겠다""고 말했다. 양정민 기자(philip@zdnet.co.kr)",지디넷코리아,
https://v.daum.net/v/20240903101231861,"'상생 경영' 나선 김윤구…현대오토에버, 추석 맞아 납품 대금 750억원 조기 지급",장유미 기자,2024. 9. 3. 10:12,"'상생 경영'에 나선 김윤구 현대오토에버 사장이 명절을 앞둔 협력사의 자금 부담 완화를 위해 팔을 걷어 부쳤다. 현대오토에버는 협력사를 대상으로 거래 대금 750억원의 지급일을 더 앞당겨 추석 연휴 전 지급할 계획이라고 3일 밝혔다. 현대오토에버는 앞서 올 설 명절에도 자금난을 겪는 협력사를 위해 약 850억원의 거래 대금을 조기 지급한 바 있어 올해 총 1천600억원 규모의 대금을 조기 지급하게 됐다. 이 글자크기로 변경됩니다. (예시) 가장 빠른 뉴스가 있고 다양한 정보, 쌍방향 소통이 숨쉬는 다음뉴스를 만나보세요. 다음뉴스는 국내외 주요이슈와 실시간 속보, 문화생활 및 다양한 분야의 뉴스를 입체적으로 전달하고 있습니다. (지디넷코리아=장유미 기자)'상생 경영'에 나선 김윤구 현대오토에버 사장이 명절을 앞둔 협력사의 자금 부담 완화를 위해 팔을 걷어 부쳤다. 현대오토에버는 협력사를 대상으로 거래 대금 750억원의 지급일을 더 앞당겨 추석 연휴 전 지급할 계획이라고 3일 밝혔다. 이번 조기 지급 대상은 현대오토에버가 올해 8월과 9월 매입한 하도급 거래대금으로, 총 750억원 규모다. 현대오토에버는 이번 대금 조기 지급으로 명절을 앞두고 자금 수요가 몰린 협력사들의 부담을 덜 수 있을 것으로 기대하고 있다. 현대오토에버는 앞서 올 설 명절에도 자금난을 겪는 협력사를 위해 약 850억원의 거래 대금을 조기 지급한 바 있어 올해 총 1천600억원 규모의 대금을 조기 지급하게 됐다. 또 올해부터 하도급 대금 지급 기준의 변경을 통해 매입 이후 지급까지의 날짜를 반으로 줄여 협력사의 유동성 제고를 돕고 있다. 이 밖에 현대오토에버는 협력사를 대상으로 우수한 중소기업·소상공인 제품을 판매하는 동반성장몰에서 이용 가능한 포인트를 지급한다. 또 서울시 취약계층 후원을 위한 지역 상품권을 기탁하는 등 명절을 맞아 대금 조기 지급 외에도 다양한 상생 활동을 전개하고 있다. 현대오토에버는 최근 도농상생에 기여한 공로를 인정 받아 농림축산식품부로부터 장관 표창도 수여받았다. 그간 IT업종 유일의 농어촌 ESG 실천 인정기업으로서 전문성을 살려 농촌 지역 학생을 대상으로 코딩 교육을 지속적으로 운영했다. 또 농어업·농어촌 지원 프로그램을 신설·확충하는 등 다양한 공적을 인정받았다. 현대오토에버 관계자는 ""더 나은 미래를 위해 협력사를 비롯한 다양한 이해관계자와의 동반성장과 지속가능한 성장을 위한 활동을 지속해 나갈 것""이라고 밝혔다. 장유미 기자(sweet@zdnet.co.kr)",지디넷코리아,
https://v.daum.net/v/20240903101219854,"네이버웹툰, 지난해 4.3조 경제적 파급 효과 창출",조수민 기자,2024. 9. 3. 10:12,"네이버웹툰이 지난해 국내에서 약 4조 3천억 원의 경제적 파급효과를 창출했다고 3일 밝혔다. 연구 책임자 유병준 교수는 ""이번 연구를 통해 네이버웹툰이 글로벌 시장에서 성장할수록 국내 창작 생태계와 한국 경제에 긍정적인 사회경제적 파급효과가 있음을 발견했다""며 ""네이버웹툰은 한국에서 시작된 플랫폼과 콘텐츠가 글로벌 시장에 동반 진출해 성공한 유일한 사례이자 한국 콘텐츠 산업의 지속가능한 성장을 위한 모범 사례""라고 말했다. 이 글자크기로 변경됩니다. (예시) 가장 빠른 뉴스가 있고 다양한 정보, 쌍방향 소통이 숨쉬는 다음뉴스를 만나보세요. 다음뉴스는 국내외 주요이슈와 실시간 속보, 문화생활 및 다양한 분야의 뉴스를 입체적으로 전달하고 있습니다. (지디넷코리아=조수민 기자)네이버웹툰이 지난해 국내에서 약 4조 3천억 원의 경제적 파급효과를 창출했다고 3일 밝혔다. 네이버웹툰은 이날 '2023년 한국 창작 생태계 기여 효과' 연구 결과를 자사 홈페이지에 공개했다. 이번 연구는 네이버웹툰의 글로벌 진출 10주년을 맞아 유병준 서울대 경영대학 교수 및 이재환 충남대 경상대학 교수 공동 연구팀이 수행했다. 이번 연구에 따르면, 네이버웹툰이 한국에 기여한 경제적 파급효과는 2023년에만 약 4조 3천522억 원으로 나타났다. 이 중 네이버웹툰이 수출한 한국 웹툰으로 인한 경제적 파급효과는 2조 4천062억 원으로 전체의 55.3%를 차지했다. 네이버웹툰이 수출한 한국 웹툰의 해외 유료 콘텐츠 매출 연평균 성장률(CAGR)은 2019년부터 2022년까지 122%를 기록했다. 해당 작품들의 경우 전체 조회수의 48.3%가 해외에서 발생했다. 연구팀은 플랫폼과 콘텐츠의 글로벌 동반 진출이 수출을 더욱 촉진하는 것은 물론 네이버웹툰의 글로벌 플랫폼이 전 세계 독자와 콘텐츠를 활발하게 연결하고 있다고 평가했다. 연구팀은 플랫폼의 글로벌 진출에 따른 한국 창작자 효용도 분석했다. 글로벌 투자로 해외 플랫폼이 확장될수록 국내에서 더 많은 아마추어 작가가 자사 플랫폼으로 유입됐다. 이는 정식 연재 작품 증가로 이어졌다. 여러 언어로 수출된 한국 웹툰일수록 시간이 경과하면서 인기 순위의 하락 폭이 줄어들어 작품 수명을 늘리는 효과도 보였다. 웹툰 '하루만 네가 되고 싶어'의 삼 작가는 ""네이버웹툰은 글로벌 플랫폼이 있기 때문에 전 세계로 연재가 가능하고 번역과 해외 홍보, 행사 진행도 지원받는다""며 ""제 작품은 국내 수익의 1/3 정도가 해외에서 추가로 나오는데 매출이 안정적인 덕분에 인건비 걱정을 덜었다""고 말했다. 2023년 네이버웹툰 정식 연재 작가를 대상으로 진행한 설문조사에 따르면 93%의 작가들이 ""네이버웹툰이 해외 플랫폼 구축과 번역, 마케팅 등 현지화에 있어 웹툰의 해외 진출에 중요한 역할을 한다""고 응답했다. 또 응답자의 81%가 ""네이버웹툰의 글로벌 진출이 웹툰의 저변 확대와 작가들의 해외 진출을 견인했다""고 평가했다. 연구 책임자 유병준 교수는 ""이번 연구를 통해 네이버웹툰이 글로벌 시장에서 성장할수록 국내 창작 생태계와 한국 경제에 긍정적인 사회경제적 파급효과가 있음을 발견했다""며 ""네이버웹툰은 한국에서 시작된 플랫폼과 콘텐츠가 글로벌 시장에 동반 진출해 성공한 유일한 사례이자 한국 콘텐츠 산업의 지속가능한 성장을 위한 모범 사례""라고 말했다. 조수민 기자(blue@zdnet.co.kr)",지디넷코리아,
https://v.daum.net/v/20240903101207845,"넥슨, ‘블루 아카이브’ 맘스터치와 2차 제휴 프로모션",안희찬 게임진 기자(chani@mkinternet.com),2024. 9. 3. 10:12,"넥슨(공동 대표 강대현·김정욱)은 서브컬처 게임 '블루 아카이브'가 토종 버거·치킨 브랜드 맘스터치와 2차 제휴 프로모션을 실시한다고 3일 밝혔다. 이번 제휴는 '흥신소 68' 학생들이 맘스터치에서 아르바이트를 하는 콘셉트로 진행된다. 제휴 세트를 구매하면 '흥신소 68' 학생들이 새겨진 특별 포토카드, 코롯토 외에도 '상급 활동 보고서', '맘스터치 호감도 아이템' 등 게임 내에서 활용할 수 있는 아이템이 담긴 쿠폰을 획득할 수 있다. 이 글자크기로 변경됩니다. (예시) 가장 빠른 뉴스가 있고 다양한 정보, 쌍방향 소통이 숨쉬는 다음뉴스를 만나보세요. 다음뉴스는 국내외 주요이슈와 실시간 속보, 문화생활 및 다양한 분야의 뉴스를 입체적으로 전달하고 있습니다. 이번 제휴는 ‘흥신소 68’ 학생들이 맘스터치에서 아르바이트를 하는 콘셉트로 진행된다. 10월 10일까지 전국 맘스터치 및 맘스피자 매장에서 ‘하드 보일드 세트’ 등 4개의 특별 제휴 세트를 만나볼 수 있다. 제휴 세트를 구매하면 ‘흥신소 68’ 학생들이 새겨진 특별 포토카드, 코롯토 외에도 ‘상급 활동 보고서’, ‘맘스터치 호감도 아이템’ 등 게임 내에서 활용할 수 있는 아이템이 담긴 쿠폰을 획득할 수 있다. 제휴 기간 동안 맘스터치 LAB 강남대로점과 부산 해운대점에서 특별 팝업 매장을 운영한다. ‘흥신소 68’ 학생들이 새겨진 등신대, 포토월로 꾸며지며 네이버 예약을 통해 제휴 세트를 사전에 결제하고 방문하면 특전 엽서 및 코스터를 얻을 수 있다. 제휴를 기념한 다양한 이벤트도 진행된다. 맘스터치 모바일 앱 내 이벤트 페이지에서 이벤트에 응모한 뒤 ‘흥신소로부터 치킨을 담아서!’ 세트를 구매할 경우 맘스터치앱 할인 쿠폰을 제공한다. 추첨을 통해 특전 엽서 및 코스터 세트도 선물한다. ‘블루 아카이브’ 공식 커뮤니티 이벤트 페이지에서 응원의 댓글을 작성하면 매주 추첨을 통해 맘스터치 상품권(싸이버거 단품 교환권)을 지급한다. 이와 함께 ‘블루 아카이브’ 공식 온라인 굿즈샵 ‘샬레 스토어’에서 특별 굿즈를 만나볼 수 있다. 제휴 기간 동안 ‘아루’, ‘무츠키’ 등 ‘흥신소 68’ 학생들이 새겨진 맘스터치 컬래버 아크릴 스탠드와 아크릴 디오라마 패키지를 예약 구매할 수 있다. 한편, ‘블루 아카이브’는 지난해 11월에 맘스터치와 첫 번째 제휴 프로모션을 진행한 바 있다. 당시 선보인 제휴 세트는 출시 당일 목표 판매량을 200% 넘어서고 4일 동안 판매량 11만 개를 기록했다.",매경게임진,
https://v.daum.net/v/20240903101128813,"몬스터 헌터 와일즈 ""페이 투 윈 DLC 출시 예정 없다""",홍수민 기자,2024. 9. 3. 10:11,"캡콤 신작 '몬스터 헌터 와일즈'에서는 게임 플레이에 영향을 미치는 DLC가 출시되지 않을 예정이다. 토쿠다 유야 몬스터 헌터 와일즈 디렉터는 최근 인터뷰에서 몬스터 헌터 와일즈 DLC 계획에 대해 ""프리미엄 방어구 파츠를 계획하고 있다""고 밝혔다. 몬스터 헌터 와일즈는 2025년 플레이스테이션, Xbox, PC로 출시될 예정이다. 이 글자크기로 변경됩니다. (예시) 가장 빠른 뉴스가 있고 다양한 정보, 쌍방향 소통이 숨쉬는 다음뉴스를 만나보세요. 다음뉴스는 국내외 주요이슈와 실시간 속보, 문화생활 및 다양한 분야의 뉴스를 입체적으로 전달하고 있습니다. 캡콤 신작 '몬스터 헌터 와일즈'에서는 게임 플레이에 영향을 미치는 DLC가 출시되지 않을 예정이다. 토쿠다 유야 몬스터 헌터 와일즈 디렉터는 최근 인터뷰에서 몬스터 헌터 와일즈 DLC 계획에 대해 ""프리미엄 방어구 파츠를 계획하고 있다""고 밝혔다.  토쿠다 디렉터에 의하면 원하는 외형의 방어구를 덧입는 시스템 '트랜스모그'는 게임 플레이 특정 시점에 개방되며, 이후 원하는 외형 방어구를 자유롭게 제작할 수 있다. 또한 ""특별한 외형 방어구를 추가로 제작해 DLC로 제공할 계획""이라고 설명했다. 새로운 무기나 제작 재료 등 게임 플레이에 영향을 미치는 DLC로 출시될 수 있느냐는 질문에는 ""지금까지 그래왔듯 꾸미기 요소만 DLC로 출시될 것이다. P2W 아이템은 DLC에 포함되지 않는다""고 단언했다.  지난 3월 출시됐던 캡콤 '드래곤즈 도그마2'에서 인게임 재화, 부활 아이템, 순간이동 비석 등 다양한 소액 결제 상품을 출시했다. 이를 두고 몬스터 헌터 와일즈도 그렇지 않을까 불안했던 유저들에 대한 희소식이라 할 수 있다. 또한 토쿠다 디렉터는 게임에서 만날 수 있는 전체 몬스터를 공개하지 않은 이유에 대해서도 설명했다. 그는 ""몬스터를 미리 공개하지 않는 이유는 스토리라인과 마지막 몇 개의 맵, 게임 메인 스토리와 연관됐기 때문이다""라며 ""월드의 경우 몬스터 헌터 시리즈를 서양에 다시 소개하는 게임이라 평소보다 더 많은 몬스터를 공개했다. 게임 출시 전 스포일러로 유저의 흥미와 재미를 떨어뜨리고 싶지 않았다""고 설명했다. 몬스터 헌터 와일즈는 2025년 플레이스테이션, Xbox, PC로 출시될 예정이다. 게임스컴 어워드 2024에서 최고의 엔터테이닝부터 최고의 에픽, 최고의 PS 게임, 가장 기대되는 예고편 상까지 4관왕을 수상한 바 있다.  suminh@gametoc.co.kr",게임톡,
https://v.daum.net/v/20240903101127809,BIC 2024 온라인 페스티벌 성황리 폐막,강한결 기자,2024. 9. 3. 10:11,"부산광역시(시장 박형준)와 (재)부산정보산업진흥원(원장 김태열), (사)부산인디커넥트페스티벌조직위원회(BIC 조직위)는 '부산인디커넥트페스티벌 2024(BIC 페스티벌 2024)' 가 지난 30일 종료된 온라인 페스티벌을 끝으로 막을 내렸다고 밝혔다. 해당 기간동안 선정작들의 온라인 전시가 진행되었으며, 동시에 공식 유튜브 채널인 '유니버스인디(UNIVERSE-INDIE)'에서 BIC 페스티벌 2024 어워드 작품의 리뷰가 이루어졌다. 이 글자크기로 변경됩니다. (예시) 가장 빠른 뉴스가 있고 다양한 정보, 쌍방향 소통이 숨쉬는 다음뉴스를 만나보세요. 다음뉴스는 국내외 주요이슈와 실시간 속보, 문화생활 및 다양한 분야의 뉴스를 입체적으로 전달하고 있습니다. (지디넷코리아=강한결 기자)부산광역시(시장 박형준)와 (재)부산정보산업진흥원(원장 김태열), (사)부산인디커넥트페스티벌조직위원회(BIC 조직위)는 '부산인디커넥트페스티벌 2024(BIC 페스티벌 2024)' 가 지난 30일 종료된 온라인 페스티벌을 끝으로 막을 내렸다고 밝혔다. BIC 2024 온라인 페스티벌은 8월 9일부터 30일까지 BIC 공식 누리집과 BIC 페스티벌 스팀 세일 페이지를 통해 성황리에 개최됐다. 이번 페스티벌은 총 154개국, 92만5천747뷰를 기록하며 전 세계 게이머들의 뜨거운 관심을 받았다. 또한 7천516회의 게임 다운로드와 931개의 게임 리뷰를 통해 온라인 페스티벌 참관객과 개발자 간의 활발한 소통이 이루어졌다. 해당 기간동안 선정작들의 온라인 전시가 진행되었으며, 동시에 공식 유튜브 채널인 '유니버스인디(UNIVERSE-INDIE)'에서 BIC 페스티벌 2024 어워드 작품의 리뷰가 이루어졌다. 올해를 10회를 맞은 BIC 페스티벌 2024는 온라인과 오프라인에서 모두 큰 호평을 받았다. 올해 온 ·오프라인 페스티벌에 동시에 참석한 빅커넥터즈는 “전 세계 다양한 장르의 선정작에 시간 가는 줄 모르고 인디게임을 플레이했다. 내년에도 빅커넥터즈로 참가해 BIC 페스티벌의 든든한 크루로 함께하고 싶다.”며 소회를 밝혔다. BIC 조직위 관계자는 “BIC 페스티벌 2024은 인디게임 개발자와 유저를 위한 행사로의 초심을 잃지 않고자 노력한 지난 10년을 돌아보고 기념하는 자리였으며, 인디게임 개발자와 유저를 위한 앞으로의 10년을 고민하게 하는 자리였다”며 “국내외 인디게임 개발자를 위한 앞으로의 BIC에 지금처럼 함께 해주시길 바란다”고 말했다. 강한결 기자(sh04khk@zdnet.co.kr)",지디넷코리아,
https://v.daum.net/v/20240903101108806,"SKT, 'T 우주' 서비스 개편…""AI 기반 구독 마켓으로 업그레이드""",이승우,2024. 9. 3. 10:11,"SK텔레콤이 자사 구독 플랫폼인 T 우주를 전면 개편한다. SK텔레콤은 T 우주를 개편해 AI 기반 구독 마켓으로 업그레이드한다고 3일 발표했다. 윤재웅 SK텔레콤 구독CO 담당(부사장)은 ""이번 개편을 계기로 T 우주를 AI 기반 구독 마켓으로 진화시켜 소비시장 전반을 타깃으로 성장할 계획""이라며 ""구독하면 가장 먼저 떠오르는 구독 마켓으로 자리매김할 수 있도록 노력하겠다""고 말했다. 이 글자크기로 변경됩니다. (예시) 가장 빠른 뉴스가 있고 다양한 정보, 쌍방향 소통이 숨쉬는 다음뉴스를 만나보세요. 다음뉴스는 국내외 주요이슈와 실시간 속보, 문화생활 및 다양한 분야의 뉴스를 입체적으로 전달하고 있습니다. SK텔레콤이 자사 구독 플랫폼인 T 우주를 전면 개편한다. 상품명을 직관적으로 바꾸고 제휴처를 대폭 늘렸다. 인공지능(AI)을 활용해 알맞은 상품도 추천해준다. SK텔레콤은 T 우주를 개편해 AI 기반 구독 마켓으로 업그레이드한다고 3일 발표했다. 먼저 ‘우주패스 올(all)’, ‘우주패스 라이프(life)’와 같은 상품명을 ‘T 우주패스 쇼핑 11번가’, ‘T 우주패스 편의점&카페’ 등 직관적으로 바꿨다. 상품 카테고리와 브랜드명을 직접 노출해 소비자들이 쉽게 서비스에 접근할 수 있도록 했다. 이번 개편과 함께 G마켓, 롯데월드, 에버랜드, 한컴독스 등 신규 제휴처를 확대하고 새로운 구독 상품도 내놨다. ‘T 우주패스 쇼핑 G마켓’은 G마켓, 옥션에서 쓸 수 있는 스마일 캐시와 신세계그룹의 통합 멤버십 ‘신세계유니버스클럽’을 기본 혜택으로 쓸 수 있다. ‘T 우주패스 프리(free)’는 롯데시네마, CGV, CJ더마켓, 아모레몰, 티맵대리, 배민B마트, HD현대오일뱅크, 보틀웍스 등 다양한 제휴처의 혜택을 매월 무료로 제공받는 상품이다. 연내 ‘T 우주패스 미디어’, ‘T 우주패스 DIY’, ‘T 우주패스 Google One’, ‘T 우주패스 마켓컬리’ 등 다양한 신규 구독 상품을 추가할 계획이다. 이번 개편을 통해 고객이 취향에 따라 ‘T 우주패스’를 여러 개 이용할 수 있도록 중복 가입도 가능해졌다. 구독 상품의 추가 선택 가능 혜택도 1개에서 2개로 늘려 고객이 원하는 대로 구독 상품을 구성할 수 있게 됐다. 기존 T우주 상품(우주패스 life, 우주패스 all 등)을 구독하던 고객은 그대로 서비스가 유지된다. SK텔레콤은 ‘T 우주’에 고객 개인별 구독 이용 패턴 및 실시간 고객 행동 데이터를 분석해 맞춤형 상품을 추천해주는 ‘AI 기반 고객 행동 예측 모델’을 도입했다. 이와 함께 구독을 잠시 멈추고 싶을 때 사용할 수 있는 일시정지, 재시작 기능도 추가했다. 일 단위, 주 단위, 분기 단위의 구독 상품도 출시할 수 있도록 시스템을 업그레이드했다. 이날 내 ‘T 우주’ 전용 앱도 출시해 고객이 온오프라인에서 편리하게 ‘T 우주’ 서비스를 활용할 수 있도록 다양한 편의 기능을 제공할 예정이다. 윤재웅 SK텔레콤 구독CO 담당(부사장)은 “이번 개편을 계기로 T 우주를 AI 기반 구독 마켓으로 진화시켜 소비시장 전반을 타깃으로 성장할 계획”이라며 “구독하면 가장 먼저 떠오르는 구독 마켓으로 자리매김할 수 있도록 노력하겠다”고 말했다. 이승우 기자 leeswoo@hankyung.com",한국경제,
https://v.daum.net/v/20240903101037772,"삼성, 파리 패럴림픽서도 '빅토리 셀피' 운영",남궁경,2024. 9. 3. 10:10,"삼성전자는 국제패럴림픽위원회(IPC)와 2024 파리 패럴림픽의 일부 종목과 경기에서 '빅토리 셀피' 프로그램을 운영한다고 3일 밝혔다. 2024 파리 패럴림픽 빅토리 셀피는 장애인 태권도, 장애인 육상, 휠체어 펜싱 등 일부 종목과 일부 경기의 메달 수여식이 종료된 후 공동 취재구역(Mixed Zone)에서 진행된다. 이 글자크기로 변경됩니다. (예시) 가장 빠른 뉴스가 있고 다양한 정보, 쌍방향 소통이 숨쉬는 다음뉴스를 만나보세요. 다음뉴스는 국내외 주요이슈와 실시간 속보, 문화생활 및 다양한 분야의 뉴스를 입체적으로 전달하고 있습니다. 삼성전자는 국제패럴림픽위원회(IPC)와 2024 파리 패럴림픽의 일부 종목과 경기에서 '빅토리 셀피' 프로그램을 운영한다고 3일 밝혔다. 2024 파리 패럴림픽 빅토리 셀피는 장애인 태권도, 장애인 육상, 휠체어 펜싱 등 일부 종목과 일부 경기의 메달 수여식이 종료된 후 공동 취재구역(Mixed Zone)에서 진행된다. 장애인 육상의 경우 시각장애인 선수 등을 감안해 선수가 직접 촬영하지 않고, 자원봉사자가 사진을 찍어주는 방식으로 일괄 진행된다. 메달을 획득한 선수들은 '갤럭시Z플립6 올림픽 에디션'을 통해 빅토리 셀피를 찍을 수 있다. 빅토리 셀피를 통해 촬영된 사진은 2024 파리 패럴림픽 참가 선수 전원에게 제공된 갤럭시Z플립6 올림픽 에디션 '애슬릿(Athlete) 365' 앱에 실시간 연동된다. 선수들은 사진을 직접 다운로드 하고 가족, 친구, 팬들과 손쉽게 공유할 수도 있다. 남궁경 기자 nkk@etnews.com",전자신문,
https://v.daum.net/v/20240903101014761,"카카오톡 선물하기, 18일까지 '추석 선물 대전'",윤지영 기자,2024. 9. 3. 10:10,"카카오의 '카카오톡 선물하기'는 추석을 앞두고 오는 18일까지 '추석 선물 대전'을 진행한다고 3일 밝혔다. 이번 행사에서는 '추석 선물 큐레이션'을 진행한다. 신선 식품관과 고메 식품관, 건강 식품관, 명품 패션, 명품 뷰티, 디지털 등 5개 카테고리에서 맞춤 선물을 고를 수 있도록 상품을 추천한다. 선물하기의 럭셔리 선물 전문관 '럭스(LuX)'도 연휴를 맞아 선물 큐레이션을 통해 단독 선물 포장과 각인 등의 서비스를 제공한다. 이 글자크기로 변경됩니다. (예시) 가장 빠른 뉴스가 있고 다양한 정보, 쌍방향 소통이 숨쉬는 다음뉴스를 만나보세요. 다음뉴스는 국내외 주요이슈와 실시간 속보, 문화생활 및 다양한 분야의 뉴스를 입체적으로 전달하고 있습니다. 카카오의 ‘카카오톡 선물하기’는 추석을 앞두고 오는 18일까지 ‘추석 선물 대전’을 진행한다고 3일 밝혔다.  이번 행사에서는 ‘추석 선물 큐레이션'을 진행한다. 신선 식품관과 고메 식품관, 건강 식품관, 명품 패션, 명품 뷰티, 디지털 등 5개 카테고리에서 맞춤 선물을 고를 수 있도록 상품을 추천한다. 행사 기간 동안 기획 전 배송 상품을 15만 원 이상 결제하면 누구나 10% 할인(최대 2만 원)을 횟수 제한 없이 받을 수 있다.  선물하기의 럭셔리 선물 전문관 ‘럭스(LuX)’도 연휴를 맞아 선물 큐레이션을 통해 단독 선물 포장과 각인 등의 서비스를 제공한다.",서울경제,
https://v.daum.net/v/20240903100901711,"크래프톤, 오피지지와 e스포츠 파트너십 협약식 체결",안희찬 게임진 기자(chani@mkinternet.com),2024. 9. 3. 10:09,"크래프톤(대표 김창한)은 게임 데이터 플랫폼 오피지지(OP.GG)와 'PUBG: 배틀그라운드(이하 배틀그라운드)' e스포츠 파트너십을 위한 협약식을 지난 2일 체결했다. 오피지지는 이번 협약으로 플랫폼 내에 배틀그라운드 e스포츠 페이지를 론칭해 대회별 프로 선수들의 공식 데이터를 제공한다. 이 글자크기로 변경됩니다. (예시) 가장 빠른 뉴스가 있고 다양한 정보, 쌍방향 소통이 숨쉬는 다음뉴스를 만나보세요. 다음뉴스는 국내외 주요이슈와 실시간 속보, 문화생활 및 다양한 분야의 뉴스를 입체적으로 전달하고 있습니다. 오피지지는 각종 글로벌 게임들의 데이터 분석 서비스를 5개 대륙에 23개 언어로 제공하고 있다. 최근 데스크탑앱에 인게임 오버레이, 친구 찾기 서비스를 추가하는 등 지속적인 서비스 개선으로 이용자의 편의성을 강화하고 있다. 오피지지는 이번 협약으로 플랫폼 내에 배틀그라운드 e스포츠 페이지를 론칭해 대회별 프로 선수들의 공식 데이터를 제공한다. 또한 배틀그라운드 e스포츠 공식 홈페이지에 전 세계 팀별 ‘파워 랭킹’과 가상 시뮬레이션 e스포츠 시스템인 ‘판타지 리그’를 도입할 예정이다. 크래프톤은 연간 200만 명이 넘는 전 세계 배틀그라운드 e스포츠 시청자들을 대상으로 오피지지의 가상광고, 경기장 브랜딩, SNS 이벤트 등 온·오프라인 마케팅 활동을 지원할 예정이다.",매경게임진,
https://v.daum.net/v/20240903100850706,"원자력연, 난치성 소아암 치료제 운송용기 개발",강민구,2024. 9. 3. 10:08,"국내 연구진이 난치성 소아암 치료제를 운반하기 위한 '초저온 운송용기'를 개발했다. 한국원자력연구원은 조은하 동위원소연구부 박사 연구팀이 방사성 표지의약품인 '캐리엠아이비지(131I)주사액' 수출을 위한 '초저온 운송용기'를 개발해 북미(미국), 유럽(폴란드), 아시아(일본, 인도) 세 개 대륙으로의 운송 시험에 성공했다고 3일 밝혔다. 이 글자크기로 변경됩니다. (예시) 가장 빠른 뉴스가 있고 다양한 정보, 쌍방향 소통이 숨쉬는 다음뉴스를 만나보세요. 다음뉴스는 국내외 주요이슈와 실시간 속보, 문화생활 및 다양한 분야의 뉴스를 입체적으로 전달하고 있습니다.  [이데일리 강민구 기자] 국내 연구진이 난치성 소아암 치료제를 운반하기 위한 ‘초저온 운송용기’를 개발했다. 한국원자력연구원은 조은하 동위원소연구부 박사 연구팀이 방사성 표지의약품인 ‘캐리엠아이비지(131I)주사액’ 수출을 위한 ‘초저온 운송용기’를 개발해 북미(미국), 유럽(폴란드), 아시아(일본, 인도) 세 개 대륙으로의 운송 시험에 성공했다고 3일 밝혔다. 방사성 표지의약품 ‘캐리엠아이비지(131I)주사액’ 운반에는 방사선 차폐, 움직임 제어 완충 장치, 영하 60도 이하 초저온 상태라는 세 가지 조건이 필요하다. 연구팀이 개발한 ‘초저온 운송용기’는 가로·세로·높이 50cm 규격의 용기로 초저온 환경을 구현하고 작은 충격에도 대비한 설계가 특징이다.  의약품이 들어가는 원통형 납 용기 주변으로 보냉용 단열재 박스를 배치했다. 그 후 납 용기와 박스 사이에 드라이아이스를 넣어 영하 60도의 환경을 구현했다. 단열재 박스 외부는 다시 차폐재로 감싸 방사선을 차폐하고 차폐재 외부는 진공 단열재로 감싸 충격에 대비했다. 진공 단열재 외부는 단열재 박스로 한 번 더 감싸 보냉 효과를 높였다. 연구팀은 미국, 폴란드, 일본, 인도에서 운송 시험도 마쳤다. 내년에 ‘캐리엠아이비지(131I)주사액’ 대량생산 공정을 도입해 생산량을 약 2.5배 늘릴 계획이다. 국내 신경모세포종 환자의 치료제 수요를 충당하고, 수출도 가능한 물량이다. 정영욱 하나로양자과학연구소장은 “이번 시험이 성공적으로 마무리돼 연구원에서 생산하는 방사성 표지의약품을 수출할 기반이 마련됐다”며 “지속적인 기술 개발을 수행해 국민 건강에 기여하고, 관련 산업의 발전에도 이바지하도록 노력하겠다”고 말했다. 강민구 (science1@edaily.co.kr)",이데일리,
https://v.daum.net/v/20240903100650626,"네이버 D2SF, 북미 AI기술 스타트업 2곳 신규 투자",최정희,2024. 9. 3. 10:06,"네이버 D2SF(D2 Startup Factory)가 북미에 기반을 두고 있는 인공지능(AI) 스타트업 2곳에 신규 투자했다. 투자한 곳은 △생성형 AI 기반 3D 콘텐츠 제작 스타트업 '클레이디스' △패션 특화 멀티모달 AI 개발 스타트업 '예스플리즈' 두 곳이다. 이 글자크기로 변경됩니다. (예시) 가장 빠른 뉴스가 있고 다양한 정보, 쌍방향 소통이 숨쉬는 다음뉴스를 만나보세요. 다음뉴스는 국내외 주요이슈와 실시간 속보, 문화생활 및 다양한 분야의 뉴스를 입체적으로 전달하고 있습니다. 투자한 곳은 △생성형 AI 기반 3D 콘텐츠 제작 스타트업 ‘클레이디스’ △패션 특화 멀티모달 AI 개발 스타트업 ‘예스플리즈’ 두 곳이다.  클레이디스는 3D 캐릭터와 모션을 고품질로 생성하는 AI솔루션을 개발했다. 3D모델링부터 ‘포즈’, 뼈대를 만드는 ‘리깅’, 3D를 움직이게 만드는 ‘모션’까지 전 과정을 엔드 투 엔드로 자동 생성하는 솔루션이다.  클레이디스는 중소형 게임 스튜디오를 타깃으로 연내 정식 솔루션 출시를 준비하고 있다. 이미 다수 게임 스튜디오에서 도입 의사를 밝히고 있으며 내년부터는 본격적인 고객사 확장에 나설 계획이다.  예스플리즈는 패션 상품 검색 및 추천에 최적화된 멀티모달 AI 모델을 개발했다. 기존 상품 추천 AI 솔루션 대부분이 텍스트 기반 모델인 것과 달리 예스플리즈는 텍스트, 이미지, 스타일을 모두 학습한 멀티모달 AI로 경쟁 솔루션 대비 월등히 높은 매칭 정확도를 달성했다. 상품 태깅, 위젯, 분석툴까지 SaaS(Software as a Service·인터넷을 통해 소프트웨어를 빌려서 사용하는 서비스) 형태로 구축해 글로벌 패션 플랫폼을 공략하고 있다.  예스플리즈는 베타 테스트를 통해 더블유컨셉트, 콜론몰, 한섬 등의 고객사를 다수 확보했다. 이용자 의도에 적합한 상품을 추천, 장바구니 전환율과 구매전환율, 비용절감 등 고객사들의 주요 매출 지표를 끌어올리고 있다.  양상환 네이버 D2SF 센터장은 “급변하고 있는 AI 산업에서 시장이 필요로 하는 기술을 앞서 센싱하고 이를 빠르게 제품 형태로 구현하는 실행력 및 속도가 중요하다”며 “클레이디스와 예스플리즈는 3D콘텐츠, 패션 커머스라는 각각의 분야에서 선도적인 기술 경쟁력을 갖고 있고 글로벌 시장에서 존재감을 키워나갈 것”이라고 밝혔다.  네이버 D2SF는 국내외 구분 없이 기술 가치에 주목해 스타트업 발굴 및 투자를 이어오고 있다. 슬립테크 스타트업 ‘프라나큐’, 마케팅 자동화 AI스타트업 ‘아드리엘’ 등이 글로벌에서도 활발하게 사업활동을 하고 있다. 올 들어 1500여 팀의 스타트업을 검토하는 등 신규 투자팀 발굴에도 적극 나서고 있다. 9월에는 홈페이지를 통해 신규투자팀 공개 모집에 나선다. 최정희 (jhid0201@edaily.co.kr)",이데일리,
https://v.daum.net/v/20240903100631609,"TSMC, 2분기도 삼성 파운드리와 격차 유지…""AI 수요 강력""",장경윤 기자,2024. 9. 3. 10:06,"2분기 파운드리 시장이 신규 스마트폰 출시, AI 서버용 칩 주문 확대에 따라 견조한 성장세를 기록했다. 2일 시장조사업체 트렌드포스에 따르면 올 2분기 전 세계 상위 10대 파운드리 기업 매출액은 약 320억 달러로 전분기 대비 9.6% 증가했다. 트렌드포스는 ""일부 고급 공정 주문은 이미 내년까지 가시성을 확보했다""며 ""상위 10대 파운드리 매출은 올 3분기 더 증가할 가능성이 높고, 성장률은 2분기와 유사할 것""이라고 내다봤다. 이 글자크기로 변경됩니다. (예시) 가장 빠른 뉴스가 있고 다양한 정보, 쌍방향 소통이 숨쉬는 다음뉴스를 만나보세요. 다음뉴스는 국내외 주요이슈와 실시간 속보, 문화생활 및 다양한 분야의 뉴스를 입체적으로 전달하고 있습니다. (지디넷코리아=장경윤 기자)2분기 파운드리 시장이 신규 스마트폰 출시, AI 서버용 칩 주문 확대에 따라 견조한 성장세를 기록했다. 삼성전자는 주요 경쟁사인 TSMC와의 점유율 격차를 줄이지 못한 것으로 나타났다. 2일 시장조사업체 트렌드포스에 따르면 올 2분기 전 세계 상위 10대 파운드리 기업 매출액은 약 320억 달러로 전분기 대비 9.6% 증가했다. 기업별로는 TSMC가 매출 208억2천만 달러로 전분기 대비 10.5% 증가했다. 주요 고객사인 애플의 재고 보충과 AI 서버용 고성능 칩의 강력한 수요 덕분이다. 해당 분기 시장 점유율은 62.3%로 전분기(61.7%) 대비 0.6%p 증가했다. 삼성 파운드리 매출은 38억3천만 달러로 전분기 대비 14.2% 증가했다. 애플 및 퀄컴의 5G 모뎀 칩, OLED DDI(디스플레이구동칩) 등 시스템반도체의 주문이 증가한 데 따른 효과다. 시장 점유율은 11.5%로 전분기(11.0%)보다 0.5%p 증가했으나, TSMC와의 격차를 좁히지는 못했다. 파운드리 사업(IFS)의 진출을 추진해 온 인텔은 올 1분기와 2분기 각각 44억, 43억 달러 매출을 올렸다. 그러나 영업손실률이 각각 57%, 66%에 달할 만큼 수익성이 좋지 못하고, 대부분의 매출이 내부에서 발생한 상황이다. 트렌드포스는 ""인텔 IFS의 내부 매출이 98~99%에 달하기 때문에, IFS의 외부 수익만을 고려하면 결국 이번 분기 상위 10대 파운드리에 진입하지 못했다""고 설명했다. 한편 파운드리 시장은 올 하반기에도 견조한 성장세를 지록할 것으로 전망된다. 3분기가 고객사의 재고 축적이 일어나는 전통적인 성수기에 해당하고, 신규 스마트폰과 주변 집적회로의 매출 발생이 활발히 일어나기 때문이다. 또한 AI 서버용 고성능 칩 수요도 지속될 것으로 관측된다. 트렌드포스는 ""일부 고급 공정 주문은 이미 내년까지 가시성을 확보했다""며 ""상위 10대 파운드리 매출은 올 3분기 더 증가할 가능성이 높고, 성장률은 2분기와 유사할 것""이라고 내다봤다. 장경윤 기자(jkyoon@zdnet.co.kr)",지디넷코리아,
https://v.daum.net/v/20240903100630606,"카카오게임즈 `에버소울`, 팝업 카페 `커피스토펠레스` 오픈",김영욱,2024. 9. 3. 10:06,"카카오게임즈는 '에버소울' 팝업 카페 '커피스토펠레스'를 오픈한다고 3일 밝혔다. 이번 팝업 카페는 오는 7일과 8일 양일간 서울 서교동에 위치한 카페 '판타지트'에서 열린다. 외부 공간은 게임 내 테마 이벤트인 '가온 여름 축제'으로 진행되며 내부 공간은 '메이드 카페'를 콘셉트로 꾸며진다. '에버소울'은 오프라인 행사 최초로 인게임 굿즈를 판매하는 공간도 마련한다. 이 글자크기로 변경됩니다. (예시) 가장 빠른 뉴스가 있고 다양한 정보, 쌍방향 소통이 숨쉬는 다음뉴스를 만나보세요. 다음뉴스는 국내외 주요이슈와 실시간 속보, 문화생활 및 다양한 분야의 뉴스를 입체적으로 전달하고 있습니다. 카카오게임즈는 '에버소울' 팝업 카페 '커피스토펠레스'를 오픈한다고 3일 밝혔다. 이번 팝업 카페는 오는 7일과 8일 양일간 서울 서교동에 위치한 카페 '판타지트'에서 열린다. 이용자는 별도의 사전 신청 없이 현장에 방문해 순차적으로 입장할 수 있다. 외부와 내부 두개 공간이 각기 다른 콘셉트로 꾸려진다. 외부 공간은 게임 내 테마 이벤트인 '가온 여름 축제'으로 진행되며 내부 공간은 '메이드 카페'를 콘셉트로 꾸며진다. 카페 외부에서는 오늘의 운세를 점쳐보고, 각종 굿즈를 받을 수 있는 '운세 뽑기' 이벤트와 정령(캐릭터) '린지', '클로이', '로제' 등과 함께 추억을 남길 수 있는 포토존을 운영한다. 내부 공간에서는 '소연의 만두·파운두· 케이크', '메피의 달콤 딸기 초코케이크' 등 게임 내 정령들의 개성을 담은 다채로운 식음료를 판매한다. 식음료를 구매하면 '에버소울' 정령들이 그려진 특전 '띠부씰'을 함께 증정한다. 또 카페 2층에는 미공개된 게임 콘셉트 아트를 감상할 수 있는 전시장과 개발진에게 응원 메시지를 작성할 수 있는 메시지 보드를 설치한다. '에버소울'은 오프라인 행사 최초로 인게임 굿즈를 판매하는 공간도 마련한다. 정령의 모습이 담긴 '디오라마 아크릴 스탠드'를 비롯해 '에덴 갓 탤런트 그래픽 티셔츠', '머그컵', '캐릭터 떡 메모지' 등 다양한 한정 제작 굿즈를 판매한다.김영욱기자 wook95@dt.co.kr",디지털타임스,
https://v.daum.net/v/20240903100606594,"카카오게임즈, ‘에버소울’ IP 활용 팝업 카페 ‘커피스토펠레스’ 오픈",안희찬 게임진 기자(chani@mkinternet.com),2024. 9. 3. 10:06,"카카오게임즈(대표 한상우)는 3일 모바일 수집형 RPG '에버소울' IP를 활용한 팝업 카페 '커피스토펠레스'를 오픈한다고 밝혔다. 행사는 오는 7일과 8일 양일간 서울 서교동에 위치한 카페 '판타지트'에서 진행된다. 이번 팝업 카페는 외부와 내부 두개 공간이 각기 다른 콘셉트로 꾸려진다. 외부 공간은 게임 내 테마 이벤트인 '가온 여름 축제'으로 진행되며 내부 공간은 '메이드 카페'를 콘셉트로 꾸며진다. 이 글자크기로 변경됩니다. (예시) 가장 빠른 뉴스가 있고 다양한 정보, 쌍방향 소통이 숨쉬는 다음뉴스를 만나보세요. 다음뉴스는 국내외 주요이슈와 실시간 속보, 문화생활 및 다양한 분야의 뉴스를 입체적으로 전달하고 있습니다. 행사는 오는 7일과 8일 양일간 서울 서교동에 위치한 카페 ‘판타지트’에서 진행된다. 이용자는 별도의 사전 신청 없이 현장에 방문해 순차적으로 입장할 수 있다. 이번 팝업 카페는 외부와 내부 두개 공간이 각기 다른 콘셉트로 꾸려진다. 외부 공간은 게임 내 테마 이벤트인 ‘가온 여름 축제’으로 진행되며 내부 공간은 ‘메이드 카페’를 콘셉트로 꾸며진다. 특히 내부 공간에서는 ‘소연의 만두? 파운두? 케이크‘, ‘메피의 달콤 딸기 초코케이크‘ 등 게임 내 정령들의 개성을 담은 다채로운 식음료를 판매한다. 식음료 구매 시에는 ‘에버소울’ 정령들이 그려진 특전 ‘띠부씰’을 함께 증정한다. 카페 2층에는 미공개된 게임 콘셉트 아트를 감상할 수 있는 전시장과 개발진에게 응원 메시지를 작성할 수 있는 메시지 보드를 설치한다. 한편 카페 외부에서는 오늘의 운세를 점쳐보고 각종 굿즈를 받을 수 있는 ‘운세 뽑기’ 이벤트와 정령 ‘린지’, ‘클로이’, ‘로제’ 등과 함께 추억을 남길 수 있는 포토존을 운영한다. ‘에버소울’ 오프라인 행사 처음으로 인게임 굿즈를 판매하는 공간도 마련한다. 정령의 모습이 담긴 ‘디오라마 아크릴 스탠드’를 비롯해 ‘에덴 갓 탤런트 그래픽 티셔츠’, ‘머그컵’, ‘캐릭터 떡 메모지’ 등의 한정 제작 굿즈를 판매한다.",매경게임진,
https://v.daum.net/v/20240903100525560,"게임위, 고용부 '일·생활균형캠페인' 참여기업 선정",윤정민 기자,2024. 9. 3. 10:05,"게임물관리위원회(게임위)는 고용노동부가 주관하는 '2024년 일·생활균형캠페인' 참여기업으로 선정됐다고 3일 밝혔다. 이 캠페인은 일하는 방식과 문화를 개선해 기업 생산성과 경쟁력을 높이고 일과 생활의 균형을 찾아가는 캠페인이다. 고용부는 오래 일하지 않기, 똑똑하게 일하기, 제대로 쉬기 3대 핵심 분야를 실천하는 기업을 일·생활 균형 캠페인 참여기업으로 지정해 참여확인서를 수여한다. 이 글자크기로 변경됩니다. (예시) 가장 빠른 뉴스가 있고 다양한 정보, 쌍방향 소통이 숨쉬는 다음뉴스를 만나보세요. 다음뉴스는 국내외 주요이슈와 실시간 속보, 문화생활 및 다양한 분야의 뉴스를 입체적으로 전달하고 있습니다. [서울=뉴시스]윤정민 기자 = 게임물관리위원회(게임위)는 고용노동부가 주관하는 '2024년 일·생활균형캠페인' 참여기업으로 선정됐다고 3일 밝혔다. 이 캠페인은 일하는 방식과 문화를 개선해 기업 생산성과 경쟁력을 높이고 일과 생활의 균형을 찾아가는 캠페인이다.  고용부는 오래 일하지 않기, 똑똑하게 일하기, 제대로 쉬기 3대 핵심 분야를 실천하는 기업을 일·생활 균형 캠페인 참여기업으로 지정해 참여확인서를 수여한다. 참여 승인 유효기간은 2년이다. 게임위는 이 3가지 항목을 충족하는 모범적인 기관으로 인정받아 참여기업으로 선정됐다고 말했다. 스마트 협업 툴을 사용한 업무 절차 간소화와 비대면 근무 환경 구축으로 '똑똑하게 일하기'를 운영하고 있다. '가족 사랑의 날' 추진과 자유로운 연차 사용 등 '오래 일하지 않기', '제대로 쉬기' 등도 실천하고 있다. 서태건 게임위위원장은 ""일·생활 균형 캠페인 실천을 통해 일·가정 양립 문화를 선도적으로 정착시키겠다""며 ""앞으로도 향후 직원 의견을 반영해 일·가정 양립을 위한 신규 제도 도입 등 건강한 조직문화를 만들어가기 위해 노력하겠다""고 말했다. ☞공감언론 뉴시스 alpaca@newsis.com",뉴시스,
https://v.daum.net/v/20240903100508554,쇼골프 구독서비스 확대…스크린골프·대리운전 할인,오동현 기자,2024. 9. 3. 10:05,"쇼골프가 골프 구독 서비스 '쇼골프 플레이'에 김캐디 스크린 골프 예약 할인, 티맵 대리 할인 등 신규 혜택 2종을 추가한다고 3일 밝혔다. 쇼골프는 김캐디와 제휴를 맺고 전국 3000여개 스크린 골프장 예약 시 1만원 할인을 받을 수 있는 쿠폰을 월 1회 제공한다. 이 글자크기로 변경됩니다. (예시) 가장 빠른 뉴스가 있고 다양한 정보, 쌍방향 소통이 숨쉬는 다음뉴스를 만나보세요. 다음뉴스는 국내외 주요이슈와 실시간 속보, 문화생활 및 다양한 분야의 뉴스를 입체적으로 전달하고 있습니다.  [서울=뉴시스] 오동현 기자 = 쇼골프가 골프 구독 서비스 '쇼골프 플레이'에 김캐디 스크린 골프 예약 할인, 티맵 대리 할인 등 신규 혜택 2종을 추가한다고 3일 밝혔다. 쇼골프는 김캐디와 제휴를 맺고 전국 3000여개 스크린 골프장 예약 시 1만원 할인을 받을 수 있는 쿠폰을 월 1회 제공한다. 또한 티맵 모빌리티와의 제휴를 통해 티맵 대리 1만원 할인쿠폰 혜택도 월 1회 제공한다. 쇼골프 플레이는 쇼골프가 지난 7월 선보인 골프 구독 서비스로 ▲골프연습장 무료·할인 이용 ▲골프장 무료발렛주차 ▲그린피 할인 ▲홀인원 축하금 200만원 ▲클럽피팅서비스와 이번에 추가된 혜택까지 총 9가지 서비스를 한달 1만9900원에 제공한다. 이에 대해 월 20만원 상당의 혜택이라고 쇼골프는 설명한다. 쇼골프 관계자는 ""더 많은 골퍼들에게 실질적인 혜택을 줄 수 있는 다양한 서비스를 기획, 개발하는데 집중하고 있으며 다양한 제휴사들과의 상호 협력 체계를 구축하고 서비스경쟁력을 확보할 수 있도록 전략적 파트너십을 확대해나갈 예정""이라고 밝혔다. ☞공감언론 뉴시스 odong85@newsis.com",뉴시스,
https://v.daum.net/v/20240903100433529,"KT, 파트너사와 'IFA 2024' 참여…미래 혁신 기술 공개",남궁경,2024. 9. 3. 10:04,"KT가 국내 이동통신사 중 유일하게 유럽 최대 가전·IT 전시회 'IFA 2024'에 참여한다. 이들은 기존 해외 파트너사 지원사업 중 역대 최대규모인 200㎡(제곱미터) 규모의 전시 공간을 마련해 미래혁신 기술을 공개할 계획이다. KT는 '대한민국 파트너사와 함께 미래로 나아가는 KT'란 테마 아래 전시공간 'KT AICT 파트너스관'을 마련하고, 우수 AI분야 벤처 중심으로 10개 회사를 선정해 '일상 속의 AI 서비스'라는 주제로 전시관을 구성했다. 이 글자크기로 변경됩니다. (예시) 가장 빠른 뉴스가 있고 다양한 정보, 쌍방향 소통이 숨쉬는 다음뉴스를 만나보세요. 다음뉴스는 국내외 주요이슈와 실시간 속보, 문화생활 및 다양한 분야의 뉴스를 입체적으로 전달하고 있습니다. KT가 국내 이동통신사 중 유일하게 유럽 최대 가전·IT 전시회 'IFA 2024'에 참여한다. 이들은 기존 해외 파트너사 지원사업 중 역대 최대규모인 200㎡(제곱미터) 규모의 전시 공간을 마련해 미래혁신 기술을 공개할 계획이다. KT는 오는 6일부터 10일까지 독일 베를린에서 열리는 IFA 2024에 10개 파트너사와 함께 참여한다고 3일 밝혔다. IFA는 세계에서 가장 오래된 산업박람회이자 세계 3대 정보통신기술(ICT) 전시회로 올해 100주년을 맞는다. 유망 스타트업과 미래지향적 혁신기업 중심의 벤처·스타트업 특별관인 'IFA NEXT'에 올해의 국가로 대한민국이 선정됐다. KT는 '대한민국 파트너사와 함께 미래로 나아가는 KT'란 테마 아래 전시공간 'KT AICT 파트너스관'을 마련하고, 우수 AI분야 벤처 중심으로 10개 회사를 선정해 '일상 속의 AI 서비스'라는 주제로 전시관을 구성했다. 전시 부스는 지난 5월 공개한 AICT KT 그룹 브랜드 캠페인 'KT, 당신과 미래 사이에'를 기반으로 기획됐다. 대한민국 AICT의 수많은 가능성을 뜻하는 '파티클'을 콘셉트로 벤처 스타트업과 동반성장·상생협력으로 함께 미래로 나아간다는 의미를 담아 형상화했다. 참여 파트너사는 '콴다', '수펄브 AI', '래블업', '에이아이오투오', '원컵', '비전스페이스', '케이엘큐브', '메이아이', '크리에이티브마인드', '넥스브레인' 이다. 모두 AI 관련 서비스와 제품을 보유하고 있으며, 국내외 여러 전시회 참가를 통해 기술력을 인정받은 검증된 기업들이다. 투자유치와 수출 등 파트너사들의 성과 확보를 위해서 중소벤처기업부와 한국무역협회 등 기관들과 협력해 투자·수출상담회, VC(벤처캐피털) 토론회 등 실질적인 지원 프로그램을 다양하게 마련하고 운영할 계획이다. KT는 자사 IPTV서비스 '지니 TV'에서 국내 IPTV 최초로 선보인 생성형 AI 콘텐츠 'AI 트래블뷰', 'AI 오브제북'도 전시할 계획이다. 또 부스 현장에서 한글을 활용한 캘리그래피, 축구국가대표 공식후원사로 축구를 활용한 현장 이벤트 등 대한민국 대표기업으로 다양한 한국의 문화를 독일 현지에 알릴 수 있는 행사를 운영할 예정이다. 임현규 KT 경영지원부문장 부사장은 “KT는 이번 IFA 2024에 마련한 KT AICT 파트너스관을 통해 우수한 벤처·스타트업들이 글로벌 진출의 기반을 만들도록 적극 노력하고 있다”며 “앞으로도 대한민국 AICT 파트너사들과 손잡고 미래로 나아가기 위해 체계적인 지원과 다양한 협력 사업을 계속하겠다”고 말했다. 남궁경 기자 nkk@etnews.com",전자신문,
https://v.daum.net/v/20240903100431525,"카카오페이, 알뜰폰 요금제 비교 서비스 출시",최현석,2024. 9. 3. 10:04,"카카오페이는 다양한 알뜰폰 요금제를 모아 한눈에 비교하고 개통까지 신청할 수 있는 '알뜰한 통신 비교' 서비스를 출시했다고 3일 밝혔다. '알뜰한 통신 비교'는 사용자들의 합리적인 통신 생활을 돕기 위해 사용자의 휴대전화 사용 패턴에 맞춰 필터를 적용함으로써 편리하게 요금제를 분류해 비교할 수 있게 했다. 카카오페이에서 알뜰폰 요금제를 개통한 사용자 간 결합 할인 등 혜택도 늘려 나갈 예정이다. 이 글자크기로 변경됩니다. (예시) 가장 빠른 뉴스가 있고 다양한 정보, 쌍방향 소통이 숨쉬는 다음뉴스를 만나보세요. 다음뉴스는 국내외 주요이슈와 실시간 속보, 문화생활 및 다양한 분야의 뉴스를 입체적으로 전달하고 있습니다. (서울=연합뉴스) 최현석 기자 = 카카오페이는 다양한 알뜰폰 요금제를 모아 한눈에 비교하고 개통까지 신청할 수 있는 '알뜰한 통신 비교' 서비스를 출시했다고 3일 밝혔다.  '알뜰한 통신 비교'는 사용자들의 합리적인 통신 생활을 돕기 위해 사용자의 휴대전화 사용 패턴에 맞춰 필터를 적용함으로써 편리하게 요금제를 분류해 비교할 수 있게 했다. 이동통신 관련 정보를 담은 '알뜰한 통신 뉴스'도 확인할 수 있다. 현재 스카이라이프 모바일, 아이즈모바일, 티플러스, 프리티 등 4개의 알뜰폰 사업자(MVNO)와 제휴 중이다. 스카이라이프의 경우 인터넷과 TV 요금제도 지원하며, 스카이라이프 모바일 요금제 가입 시 간단한 정보 입력만으로 간편하게 휴대전화를 개통할 수 있는 '페이 개통' 기능도 제공한다. 파트너사는 지속적으로 확장될 계획이다.  카카오페이는 음성 통화·모바일 데이터 등 실시간 사용량을 확인할 수 있는 기능을 적용하고, 이를 바탕으로 사용자의 이용 패턴에 맞는 요금제를 추천하는 서비스도 준비하고 있다. 카카오페이에서 알뜰폰 요금제를 개통한 사용자 간 결합 할인 등 혜택도 늘려 나갈 예정이다. 카카오페이는 서비스 출시를 기념해 9월 한 달간 '페이 개통'을 통해 요금제를 개통하는 모든 사용자에게 카카오페이포인트 3만 원을 지급하고 선착순 1천 명에게는 커피 쿠폰을 지급하는 이벤트를 진행한다. 한편, 카카오페이는 아동복지전문기관 초록우산과 함께 취약계층 청년 300명에게 1년간 디지털 통신 비용을 지원하는 프로젝트 '톡톡'의 지원자 모집을 4일부터 초록우산 및 연계 복지기관을 통해 시작한다.  프로젝트 '톡톡'에 선정된 대상자에게는 카카오페이 '알뜰한 통신 비교' 서비스에 제휴된 알뜰폰 요금제 중 10종을 선별해 무료로 제공한다. 스마트폰 요금제뿐 아니라 태블릿PC 전용 요금제, 여러 브랜드와의 결합 할인 프로그램 등 청년들의 다양한 니즈에 맞춰 선택의 폭을 넓혔다. harrison@yna.co.kr ▶제보는 카톡 okjebo",연합뉴스,
